<?xml version="1.0" encoding="UTF-8"?>
<project-private xmlns="http://www.netbeans.org/ns/project-private/1">
    <editor-bookmarks xmlns="http://www.netbeans.org/ns/editor-bookmarks/2" lastBookmarkId="0"/>
    <open-files xmlns="http://www.netbeans.org/ns/projectui-open-files/2">
        <group>
            <file>file:/C:/Users/admin/Downloads/PE_PRO192_SU23/PRO192_C1PE_SU23_315122/PaperNo_2/2/src/Pen.java</file>
            <file>file:/C:/Users/admin/Downloads/PE_PRO192_SU23/PRO192_C1PE_SU23_315122/PaperNo_2/2/src/SpecPen.java</file>
        </group>
    </open-files>
</project-private>
